country,question,round,n_employed,n_unemployed,share_employed,share_unemployed,ratio,ratio_se,n_unemployed_incl_not_looking,ratio_incl_not_looking,ratio_incl_not_looking_se
FR,wrkorg,R6,902,109,0.1259,0.1372,1.09,0.338,134,1.108,0.312
FR,wrkorg,R7,909,100,0.1971,0.1186,0.602,0.21,132,0.518,0.171
FR,wrkorg,pooled,1811,209,0.1618,0.1286,0.795,0.183,266,0.753,0.16
FR,volunfp,R10,1045,67,0.2433,0.2731,1.122,0.245,93,1.006,0.203
FR,volunfp,R11,886,49,0.287,0.1573,0.548,0.199,69,0.763,0.191
FR,volunfp,pooled,1931,116,0.2637,0.2245,0.851,0.161,162,0.887,0.139
DE,wrkorg,R6,1389,82,0.3206,0.2666,0.832,0.18,117,0.796,0.15
DE,wrkorg,R7,1503,79,0.2968,0.1041,0.351,0.138,105,0.537,0.144
DE,wrkorg,pooled,2892,161,0.3085,0.1846,0.599,0.118,222,0.678,0.106
DE,volunfp,R10,4141,86,0.2486,0.2279,0.917,0.224,123,0.961,0.189
DE,volunfp,R11,1258,36,0.305,0.2738,0.898,0.351,46,0.948,0.318
DE,volunfp,pooled,5399,122,0.2616,0.2412,0.922,0.192,169,0.966,0.165
IT,wrkorg,R6,427,74,0.1243,0.0703,0.566,0.277,100,0.519,0.229
IT,wrkorg,pooled,427,74,0.1243,0.0703,0.566,0.277,100,0.519,0.229
IT,volunfp,R10,1186,126,0.2087,0.1359,0.651,0.161,174,0.696,0.143
IT,volunfp,R11,1295,118,0.1539,0.0935,0.608,0.189,159,0.681,0.173
IT,volunfp,pooled,2481,244,0.1806,0.1171,0.648,0.125,333,0.705,0.112
