region,istat_code,nuts2021,orgvol_2013,orgvol_2023,avq_vol_2013,avq_vol_2025,avq_vol_2023_25,np_per10k_2011,np_per10k_2021,unemp_2021_23,tertiary_2021_23
Piemonte,ITC1,ITC1,8.7,6.3,9.8,10.2,9.6,58.8,70.4,6.67,20.27
Valle d'Aosta,ITC2,ITC2,8.7,6.5,9.9,11.7,10.83,103.7,110.1,5.57,19.77
Liguria,ITC3,ITC3,6.3,6.1,7.4,9.8,8.67,59.5,74.0,7.17,22.57
Lombardia,ITC4,ITC4,10.2,8.3,12.6,11.6,10.33,47.2,58.1,4.93,22.17
Bolzano,ITD1,ITH1,16.9,15.8,18.6,16.7,14.7,97.3,107.4,2.7,18.2
Trento,ITD2,ITH2,14.8,16.5,22.1,21.8,20.1,101.8,119.5,4.13,22.23
Veneto,ITD3,ITH3,10.9,8.7,15.2,14.1,11.4,59.2,63.0,4.57,19.97
Friuli-Venezia Giulia,ITD4,ITH4,9.2,8.8,12.4,10.8,10.97,81.7,91.0,5.2,21.5
Emilia-Romagna,ITD5,ITH5,8.5,7.8,10.3,11.6,10.5,57.3,61.8,5.17,23.27
Toscana,ITE1,ITI1,8.1,7.5,10.5,9.5,9.0,64.1,73.4,6.27,21.57
Umbria,ITE2,ITI2,8.3,6.5,10.1,7.8,9.03,70.2,82.7,6.57,22.93
Marche,ITE3,ITI3,7.3,7.5,9.9,9.3,8.33,68.9,76.1,6.17,22.47
Lazio,ITE4,ITI4,7.9,4.1,7.7,6.6,6.87,42.7,59.9,8.3,27.07
Abruzzo,ITF1,ITF1,6.2,3.8,7.2,7.0,7.23,54.6,64.9,8.93,21.67
Molise,ITF2,ITF2,5.4,4.1,7.3,6.4,6.5,57.8,71.9,10.33,20.53
Campania,ITF3,ITF3,5.2,2.5,5.1,5.3,4.87,24.8,39.0,17.93,17.07
Puglia,ITF4,ITF4,5.5,3.9,6.9,6.5,6.27,36.8,48.3,12.77,16.5
Basilicata,ITF5,ITF5,6.7,5.3,9.5,10.1,8.5,55.8,67.9,7.63,18.27
Calabria,ITF6,ITF6,4.2,3.4,5.0,5.7,5.77,40.4,55.3,16.17,17.27
Sicilia,ITG1,ITG1,5.6,3.9,5.5,6.0,5.0,39.2,47.1,17.03,15.6
Sardegna,ITG2,ITG2,6.7,5.4,8.6,7.1,7.8,58.1,70.9,11.7,17.97
