indicator,country,place,year,value,source
pop_share,FR,FR1,2025,18.2184,demo_r_pjanaggr3
pop_share,FR,FRB,2025,3.7576,demo_r_pjanaggr3
pop_share,FR,FRC,2025,4.0604,demo_r_pjanaggr3
pop_share,FR,FRD,2025,4.8648,demo_r_pjanaggr3
pop_share,FR,FRE,2025,8.6734,demo_r_pjanaggr3
pop_share,FR,FRF,2025,8.0574,demo_r_pjanaggr3
pop_share,FR,FRG,2025,5.7277,demo_r_pjanaggr3
pop_share,FR,FRH,2025,5.0655,demo_r_pjanaggr3
pop_share,FR,FRI,2025,9.0166,demo_r_pjanaggr3
pop_share,FR,FRJ,2025,9.0089,demo_r_pjanaggr3
pop_share,FR,FRK,2025,12.0061,demo_r_pjanaggr3
pop_share,FR,FRL,2025,7.6727,demo_r_pjanaggr3
pop_share,FR,FRM,2025,0.5259,demo_r_pjanaggr3
pop_share,FR,FRY,2025,3.3449,demo_r_pjanaggr3
pop_share,DE,DE1,2025,13.4557,demo_r_pjanaggr3
pop_share,DE,DE2,2025,15.8523,demo_r_pjanaggr3
pop_share,DE,DE3,2025,4.4094,demo_r_pjanaggr3
pop_share,DE,DE4,2025,3.0591,demo_r_pjanaggr3
pop_share,DE,DE5,2025,0.8434,demo_r_pjanaggr3
pop_share,DE,DE6,2025,2.2286,demo_r_pjanaggr3
pop_share,DE,DE7,2025,7.515,demo_r_pjanaggr3
pop_share,DE,DE8,2025,1.8828,demo_r_pjanaggr3
pop_share,DE,DE9,2025,9.5774,demo_r_pjanaggr3
pop_share,DE,DEA,2025,21.5782,demo_r_pjanaggr3
pop_share,DE,DEB,2025,4.941,demo_r_pjanaggr3
pop_share,DE,DEC,2025,1.211,demo_r_pjanaggr3
pop_share,DE,DED,2025,4.8368,demo_r_pjanaggr3
pop_share,DE,DEE,2025,2.5552,demo_r_pjanaggr3
pop_share,DE,DEF,2025,3.5411,demo_r_pjanaggr3
pop_share,DE,DEG,2025,2.513,demo_r_pjanaggr3
pop_share,IT,ITC1,2025,7.2135,demo_r_pjanaggr3
pop_share,IT,ITC2,2025,0.2079,demo_r_pjanaggr3
pop_share,IT,ITC3,2025,2.562,demo_r_pjanaggr3
pop_share,IT,ITC4,2025,17.023,demo_r_pjanaggr3
pop_share,IT,ITH1,2025,0.9156,demo_r_pjanaggr3
pop_share,IT,ITH2,2025,0.9273,demo_r_pjanaggr3
pop_share,IT,ITH3,2025,8.2341,demo_r_pjanaggr3
pop_share,IT,ITH4,2025,2.0245,demo_r_pjanaggr3
pop_share,IT,ITH5,2025,7.57,demo_r_pjanaggr3
pop_share,IT,ITI1,2025,6.2055,demo_r_pjanaggr3
pop_share,IT,ITI2,2025,1.4446,demo_r_pjanaggr3
pop_share,IT,ITI3,2025,2.5118,demo_r_pjanaggr3
pop_share,IT,ITI4,2025,9.6859,demo_r_pjanaggr3
pop_share,IT,ITF1,2025,2.1531,demo_r_pjanaggr3
pop_share,IT,ITF2,2025,0.4883,demo_r_pjanaggr3
pop_share,IT,ITF3,2025,9.4707,demo_r_pjanaggr3
pop_share,IT,ITF4,2025,6.5782,demo_r_pjanaggr3
pop_share,IT,ITF5,2025,0.8992,demo_r_pjanaggr3
pop_share,IT,ITF6,2025,3.1126,demo_r_pjanaggr3
pop_share,IT,ITG1,2025,8.122,demo_r_pjanaggr3
pop_share,IT,ITG2,2025,2.6506,demo_r_pjanaggr3
tertiary_share_25_64,FR,FR1,2025,58.6,edat_lfse_04
tertiary_share_25_64,FR,FRB,2025,41.4,edat_lfse_04
tertiary_share_25_64,FR,FRC,2025,36.8,edat_lfse_04
tertiary_share_25_64,FR,FRD,2025,38.8,edat_lfse_04
tertiary_share_25_64,FR,FRE,2025,39.3,edat_lfse_04
tertiary_share_25_64,FR,FRF,2025,37.2,edat_lfse_04
tertiary_share_25_64,FR,FRG,2025,42.2,edat_lfse_04
tertiary_share_25_64,FR,FRH,2025,42.9,edat_lfse_04
tertiary_share_25_64,FR,FRI,2025,42.8,edat_lfse_04
tertiary_share_25_64,FR,FRJ,2025,45.4,edat_lfse_04
tertiary_share_25_64,FR,FRK,2025,48.0,edat_lfse_04
tertiary_share_25_64,FR,FRL,2025,42.5,edat_lfse_04
tertiary_share_25_64,FR,FRM,2025,31.7,edat_lfse_04
tertiary_share_25_64,FR,FRY,2025,25.6,edat_lfse_04
tertiary_share_25_64,DE,DE1,2025,38.8,edat_lfse_04
tertiary_share_25_64,DE,DE2,2025,38.6,edat_lfse_04
tertiary_share_25_64,DE,DE3,2025,48.1,edat_lfse_04
tertiary_share_25_64,DE,DE4,2025,32.2,edat_lfse_04
tertiary_share_25_64,DE,DE5,2025,32.3,edat_lfse_04
tertiary_share_25_64,DE,DE6,2025,43.0,edat_lfse_04
tertiary_share_25_64,DE,DE7,2025,35.6,edat_lfse_04
tertiary_share_25_64,DE,DE8,2025,28.3,edat_lfse_04
tertiary_share_25_64,DE,DE9,2025,33.0,edat_lfse_04
tertiary_share_25_64,DE,DEA,2025,32.3,edat_lfse_04
tertiary_share_25_64,DE,DEB,2025,33.3,edat_lfse_04
tertiary_share_25_64,DE,DEC,2025,28.1,edat_lfse_04
tertiary_share_25_64,DE,DED,2025,35.0,edat_lfse_04
tertiary_share_25_64,DE,DEE,2025,25.4,edat_lfse_04
tertiary_share_25_64,DE,DEF,2025,31.8,edat_lfse_04
tertiary_share_25_64,DE,DEG,2025,30.4,edat_lfse_04
tertiary_share_25_64,IT,ITC1,2025,21.2,edat_lfse_04
tertiary_share_25_64,IT,ITC2,2025,21.0,edat_lfse_04
tertiary_share_25_64,IT,ITC3,2025,23.5,edat_lfse_04
tertiary_share_25_64,IT,ITC4,2025,23.6,edat_lfse_04
tertiary_share_25_64,IT,ITH1,2025,18.7,edat_lfse_04
tertiary_share_25_64,IT,ITH2,2025,23.9,edat_lfse_04
tertiary_share_25_64,IT,ITH3,2025,21.8,edat_lfse_04
tertiary_share_25_64,IT,ITH4,2025,24.1,edat_lfse_04
tertiary_share_25_64,IT,ITH5,2025,25.3,edat_lfse_04
tertiary_share_25_64,IT,ITI1,2025,23.8,edat_lfse_04
tertiary_share_25_64,IT,ITI2,2025,25.0,edat_lfse_04
tertiary_share_25_64,IT,ITI3,2025,24.9,edat_lfse_04
tertiary_share_25_64,IT,ITI4,2025,28.5,edat_lfse_04
tertiary_share_25_64,IT,ITF1,2025,24.6,edat_lfse_04
tertiary_share_25_64,IT,ITF2,2025,22.1,edat_lfse_04
tertiary_share_25_64,IT,ITF3,2025,18.7,edat_lfse_04
tertiary_share_25_64,IT,ITF4,2025,18.5,edat_lfse_04
tertiary_share_25_64,IT,ITF5,2025,20.4,edat_lfse_04
tertiary_share_25_64,IT,ITF6,2025,18.6,edat_lfse_04
tertiary_share_25_64,IT,ITG1,2025,16.9,edat_lfse_04
tertiary_share_25_64,IT,ITG2,2025,18.4,edat_lfse_04
unemployment_rate_20_64,FR,FR1,2025,8.5,lfst_r_lfu3rt
unemployment_rate_20_64,FR,FRB,2025,5.8,lfst_r_lfu3rt
unemployment_rate_20_64,FR,FRC,2025,6.9,lfst_r_lfu3rt
unemployment_rate_20_64,FR,FRD,2025,7.0,lfst_r_lfu3rt
unemployment_rate_20_64,FR,FRE,2025,7.8,lfst_r_lfu3rt
unemployment_rate_20_64,FR,FRF,2025,6.0,lfst_r_lfu3rt
unemployment_rate_20_64,FR,FRG,2025,6.2,lfst_r_lfu3rt
unemployment_rate_20_64,FR,FRH,2025,5.1,lfst_r_lfu3rt
unemployment_rate_20_64,FR,FRI,2025,6.8,lfst_r_lfu3rt
unemployment_rate_20_64,FR,FRJ,2025,7.0,lfst_r_lfu3rt
unemployment_rate_20_64,FR,FRK,2025,6.6,lfst_r_lfu3rt
unemployment_rate_20_64,FR,FRL,2025,6.7,lfst_r_lfu3rt
unemployment_rate_20_64,FR,FRM,2025,6.2,lfst_r_lfu3rt
unemployment_rate_20_64,FR,FRY,2025,16.2,lfst_r_lfu3rt
unemployment_rate_20_64,DE,DE1,2025,3.3,lfst_r_lfu3rt
unemployment_rate_20_64,DE,DE2,2025,2.9,lfst_r_lfu3rt
unemployment_rate_20_64,DE,DE3,2025,6.5,lfst_r_lfu3rt
unemployment_rate_20_64,DE,DE4,2025,3.7,lfst_r_lfu3rt
unemployment_rate_20_64,DE,DE5,2025,5.1,lfst_r_lfu3rt
unemployment_rate_20_64,DE,DE6,2025,5.2,lfst_r_lfu3rt
unemployment_rate_20_64,DE,DE7,2025,3.3,lfst_r_lfu3rt
unemployment_rate_20_64,DE,DE8,2025,3.5,lfst_r_lfu3rt
unemployment_rate_20_64,DE,DE9,2025,3.4,lfst_r_lfu3rt
unemployment_rate_20_64,DE,DEA,2025,4.2,lfst_r_lfu3rt
unemployment_rate_20_64,DE,DEB,2025,3.3,lfst_r_lfu3rt
unemployment_rate_20_64,DE,DEC,2025,4.1,lfst_r_lfu3rt
unemployment_rate_20_64,DE,DED,2025,4.6,lfst_r_lfu3rt
unemployment_rate_20_64,DE,DEE,2025,4.7,lfst_r_lfu3rt
unemployment_rate_20_64,DE,DEF,2025,3.6,lfst_r_lfu3rt
unemployment_rate_20_64,DE,DEG,2025,3.7,lfst_r_lfu3rt
unemployment_rate_20_64,IT,ITC1,2025,6.0,lfst_r_lfu3rt
unemployment_rate_20_64,IT,ITC2,2025,3.8,lfst_r_lfu3rt
unemployment_rate_20_64,IT,ITC3,2025,4.6,lfst_r_lfu3rt
unemployment_rate_20_64,IT,ITC4,2025,2.8,lfst_r_lfu3rt
unemployment_rate_20_64,IT,ITH1,2025,1.7,lfst_r_lfu3rt
unemployment_rate_20_64,IT,ITH2,2025,2.2,lfst_r_lfu3rt
unemployment_rate_20_64,IT,ITH3,2025,3.4,lfst_r_lfu3rt
unemployment_rate_20_64,IT,ITH4,2025,4.6,lfst_r_lfu3rt
unemployment_rate_20_64,IT,ITH5,2025,4.0,lfst_r_lfu3rt
unemployment_rate_20_64,IT,ITI1,2025,4.3,lfst_r_lfu3rt
unemployment_rate_20_64,IT,ITI2,2025,4.5,lfst_r_lfu3rt
unemployment_rate_20_64,IT,ITI3,2025,5.2,lfst_r_lfu3rt
unemployment_rate_20_64,IT,ITI4,2025,5.6,lfst_r_lfu3rt
unemployment_rate_20_64,IT,ITF1,2025,6.4,lfst_r_lfu3rt
unemployment_rate_20_64,IT,ITF2,2025,6.3,lfst_r_lfu3rt
unemployment_rate_20_64,IT,ITF3,2025,14.0,lfst_r_lfu3rt
unemployment_rate_20_64,IT,ITF4,2025,9.9,lfst_r_lfu3rt
unemployment_rate_20_64,IT,ITF5,2025,5.4,lfst_r_lfu3rt
unemployment_rate_20_64,IT,ITF6,2025,10.1,lfst_r_lfu3rt
unemployment_rate_20_64,IT,ITG1,2025,12.2,lfst_r_lfu3rt
unemployment_rate_20_64,IT,ITG2,2025,9.4,lfst_r_lfu3rt
ltu_share,FR,FR1,2025,28.0,lfst_r_lfu2ltu
ltu_share,FR,FRB,2025,18.35,lfst_r_lfu2ltu
ltu_share,FR,FRC,2025,21.9,lfst_r_lfu2ltu
ltu_share,FR,FRD,2025,22.15,lfst_r_lfu2ltu
ltu_share,FR,FRE,2025,26.3,lfst_r_lfu2ltu
ltu_share,FR,FRF,2025,27.05,lfst_r_lfu2ltu
ltu_share,FR,FRG,2025,14.8,lfst_r_lfu2ltu
ltu_share,FR,FRH,2025,16.35,lfst_r_lfu2ltu
ltu_share,FR,FRI,2025,19.05,lfst_r_lfu2ltu
ltu_share,FR,FRJ,2025,23.6,lfst_r_lfu2ltu
ltu_share,FR,FRK,2025,17.5,lfst_r_lfu2ltu
ltu_share,FR,FRL,2025,24.4,lfst_r_lfu2ltu
ltu_share,FR,FRY,2025,51.35,lfst_r_lfu2ltu
ltu_share,DE,DE1,2025,21.45,lfst_r_lfu2ltu
ltu_share,DE,DE2,2025,23.8,lfst_r_lfu2ltu
ltu_share,DE,DE3,2025,32.65,lfst_r_lfu2ltu
ltu_share,DE,DE4,2025,35.65,lfst_r_lfu2ltu
ltu_share,DE,DE6,2025,30.15,lfst_r_lfu2ltu
ltu_share,DE,DE7,2025,27.75,lfst_r_lfu2ltu
ltu_share,DE,DE8,2023,43.3,lfst_r_lfu2ltu
ltu_share,DE,DE9,2025,27.85,lfst_r_lfu2ltu
ltu_share,DE,DEA,2025,29.95,lfst_r_lfu2ltu
ltu_share,DE,DEB,2025,29.0,lfst_r_lfu2ltu
ltu_share,DE,DED,2025,45.2,lfst_r_lfu2ltu
ltu_share,DE,DEE,2025,42.6,lfst_r_lfu2ltu
ltu_share,DE,DEF,2025,28.55,lfst_r_lfu2ltu
ltu_share,DE,DEG,2025,38.6,lfst_r_lfu2ltu
ltu_share,IT,ITC1,2025,46.35,lfst_r_lfu2ltu
ltu_share,IT,ITC3,2025,39.55,lfst_r_lfu2ltu
ltu_share,IT,ITC4,2025,39.9,lfst_r_lfu2ltu
ltu_share,IT,ITH1,2021,21.1,lfst_r_lfu2ltu
ltu_share,IT,ITH2,2024,24.45,lfst_r_lfu2ltu
ltu_share,IT,ITH3,2025,34.95,lfst_r_lfu2ltu
ltu_share,IT,ITH4,2025,49.5,lfst_r_lfu2ltu
ltu_share,IT,ITH5,2025,34.65,lfst_r_lfu2ltu
ltu_share,IT,ITI1,2025,36.4,lfst_r_lfu2ltu
ltu_share,IT,ITI2,2025,38.2,lfst_r_lfu2ltu
ltu_share,IT,ITI3,2025,38.65,lfst_r_lfu2ltu
ltu_share,IT,ITI4,2025,52.0,lfst_r_lfu2ltu
ltu_share,IT,ITF1,2025,53.35,lfst_r_lfu2ltu
ltu_share,IT,ITF2,2025,68.3,lfst_r_lfu2ltu
ltu_share,IT,ITF3,2025,61.4,lfst_r_lfu2ltu
ltu_share,IT,ITF4,2025,60.15,lfst_r_lfu2ltu
ltu_share,IT,ITF5,2025,53.8,lfst_r_lfu2ltu
ltu_share,IT,ITF6,2025,60.3,lfst_r_lfu2ltu
ltu_share,IT,ITG1,2025,62.45,lfst_r_lfu2ltu
ltu_share,IT,ITG2,2025,47.15,lfst_r_lfu2ltu
hh_income_per_head,FR,FR1,2023,29600.0,nama_10r_2hhinc
hh_income_per_head,FR,FRB,2023,23500.0,nama_10r_2hhinc
hh_income_per_head,FR,FRC,2023,22900.0,nama_10r_2hhinc
hh_income_per_head,FR,FRD,2023,23100.0,nama_10r_2hhinc
hh_income_per_head,FR,FRE,2023,21400.0,nama_10r_2hhinc
hh_income_per_head,FR,FRF,2023,22800.0,nama_10r_2hhinc
hh_income_per_head,FR,FRG,2023,23300.0,nama_10r_2hhinc
hh_income_per_head,FR,FRH,2023,23600.0,nama_10r_2hhinc
hh_income_per_head,FR,FRI,2023,23700.0,nama_10r_2hhinc
hh_income_per_head,FR,FRJ,2023,23000.0,nama_10r_2hhinc
hh_income_per_head,FR,FRK,2023,24400.0,nama_10r_2hhinc
hh_income_per_head,FR,FRL,2023,25900.0,nama_10r_2hhinc
hh_income_per_head,FR,FRM,2023,24200.0,nama_10r_2hhinc
hh_income_per_head,FR,FRY,2023,17000.0,nama_10r_2hhinc
hh_income_per_head,DE,DE1,2023,29900.0,nama_10r_2hhinc
hh_income_per_head,DE,DE2,2023,31500.0,nama_10r_2hhinc
hh_income_per_head,DE,DE3,2023,26400.0,nama_10r_2hhinc
hh_income_per_head,DE,DE4,2023,26000.0,nama_10r_2hhinc
hh_income_per_head,DE,DE5,2023,25000.0,nama_10r_2hhinc
hh_income_per_head,DE,DE6,2023,29900.0,nama_10r_2hhinc
hh_income_per_head,DE,DE7,2023,28900.0,nama_10r_2hhinc
hh_income_per_head,DE,DE8,2023,25400.0,nama_10r_2hhinc
hh_income_per_head,DE,DE9,2023,27300.0,nama_10r_2hhinc
hh_income_per_head,DE,DEA,2023,27300.0,nama_10r_2hhinc
hh_income_per_head,DE,DEB,2023,27600.0,nama_10r_2hhinc
hh_income_per_head,DE,DEC,2023,25000.0,nama_10r_2hhinc
hh_income_per_head,DE,DED,2023,25300.0,nama_10r_2hhinc
hh_income_per_head,DE,DEE,2023,24800.0,nama_10r_2hhinc
hh_income_per_head,DE,DEF,2023,28800.0,nama_10r_2hhinc
hh_income_per_head,DE,DEG,2023,25200.0,nama_10r_2hhinc
hh_income_per_head,IT,ITC1,2024,24400.0,nama_10r_2hhinc
hh_income_per_head,IT,ITC2,2024,23400.0,nama_10r_2hhinc
hh_income_per_head,IT,ITC3,2024,23600.0,nama_10r_2hhinc
hh_income_per_head,IT,ITC4,2024,26600.0,nama_10r_2hhinc
hh_income_per_head,IT,ITH1,2024,30300.0,nama_10r_2hhinc
hh_income_per_head,IT,ITH2,2024,23800.0,nama_10r_2hhinc
hh_income_per_head,IT,ITH3,2024,23500.0,nama_10r_2hhinc
hh_income_per_head,IT,ITH4,2024,23800.0,nama_10r_2hhinc
hh_income_per_head,IT,ITH5,2024,25400.0,nama_10r_2hhinc
hh_income_per_head,IT,ITI1,2024,23000.0,nama_10r_2hhinc
hh_income_per_head,IT,ITI2,2024,21900.0,nama_10r_2hhinc
hh_income_per_head,IT,ITI3,2024,21600.0,nama_10r_2hhinc
hh_income_per_head,IT,ITI4,2024,22800.0,nama_10r_2hhinc
hh_income_per_head,IT,ITF1,2024,19700.0,nama_10r_2hhinc
hh_income_per_head,IT,ITF2,2024,18300.0,nama_10r_2hhinc
hh_income_per_head,IT,ITF3,2024,16200.0,nama_10r_2hhinc
hh_income_per_head,IT,ITF4,2024,17200.0,nama_10r_2hhinc
hh_income_per_head,IT,ITF5,2024,17300.0,nama_10r_2hhinc
hh_income_per_head,IT,ITF6,2024,16400.0,nama_10r_2hhinc
hh_income_per_head,IT,ITG1,2024,16800.0,nama_10r_2hhinc
hh_income_per_head,IT,ITG2,2024,18900.0,nama_10r_2hhinc
unemployment_rate_low_20_64,FR,FR1,2025,11.3254,"lfst_r_lfu3rt, lfst_r_lfp2acedu"
unemployment_rate_high_20_64,FR,FR1,2025,6.8,lfst_r_lfu3rt
unemployment_rate_low_20_64,FR,FRB,2025,6.2114,"lfst_r_lfu3rt, lfst_r_lfp2acedu"
unemployment_rate_high_20_64,FR,FRB,2025,5.2,lfst_r_lfu3rt
unemployment_rate_low_20_64,FR,FRC,2025,9.496,"lfst_r_lfu3rt, lfst_r_lfp2acedu"
unemployment_rate_high_20_64,FR,FRC,2025,3.5,lfst_r_lfu3rt
unemployment_rate_low_20_64,FR,FRD,2025,9.0496,"lfst_r_lfu3rt, lfst_r_lfp2acedu"
unemployment_rate_high_20_64,FR,FRD,2025,4.4,lfst_r_lfu3rt
unemployment_rate_low_20_64,FR,FRE,2025,9.9258,"lfst_r_lfu3rt, lfst_r_lfp2acedu"
unemployment_rate_high_20_64,FR,FRE,2025,5.1,lfst_r_lfu3rt
unemployment_rate_low_20_64,FR,FRF,2025,7.6427,"lfst_r_lfu3rt, lfst_r_lfp2acedu"
unemployment_rate_high_20_64,FR,FRF,2025,3.9,lfst_r_lfu3rt
unemployment_rate_low_20_64,FR,FRG,2025,7.3433,"lfst_r_lfu3rt, lfst_r_lfp2acedu"
unemployment_rate_high_20_64,FR,FRG,2025,4.8,lfst_r_lfu3rt
unemployment_rate_low_20_64,FR,FRH,2025,6.2674,"lfst_r_lfu3rt, lfst_r_lfp2acedu"
unemployment_rate_high_20_64,FR,FRH,2025,3.8,lfst_r_lfu3rt
unemployment_rate_low_20_64,FR,FRI,2025,8.1432,"lfst_r_lfu3rt, lfst_r_lfp2acedu"
unemployment_rate_high_20_64,FR,FRI,2025,5.3,lfst_r_lfu3rt
unemployment_rate_low_20_64,FR,FRJ,2025,9.1991,"lfst_r_lfu3rt, lfst_r_lfp2acedu"
unemployment_rate_high_20_64,FR,FRJ,2025,5.0,lfst_r_lfu3rt
unemployment_rate_low_20_64,FR,FRK,2025,8.2913,"lfst_r_lfu3rt, lfst_r_lfp2acedu"
unemployment_rate_high_20_64,FR,FRK,2025,5.0,lfst_r_lfu3rt
unemployment_rate_low_20_64,FR,FRL,2025,7.9738,"lfst_r_lfu3rt, lfst_r_lfp2acedu"
unemployment_rate_high_20_64,FR,FRL,2025,5.3,lfst_r_lfu3rt
unemployment_rate_low_20_64,FR,FRY,2025,20.643,"lfst_r_lfu3rt, lfst_r_lfp2acedu"
unemployment_rate_high_20_64,FR,FRY,2025,7.6,lfst_r_lfu3rt
unemployment_rate_low_20_64,DE,DE1,2025,3.5949,"lfst_r_lfu3rt, lfst_r_lfp2acedu"
unemployment_rate_high_20_64,DE,DE1,2025,2.7,lfst_r_lfu3rt
unemployment_rate_low_20_64,DE,DE2,2025,3.1309,"lfst_r_lfu3rt, lfst_r_lfp2acedu"
unemployment_rate_high_20_64,DE,DE2,2025,2.7,lfst_r_lfu3rt
unemployment_rate_low_20_64,DE,DE3,2025,6.9674,"lfst_r_lfu3rt, lfst_r_lfp2acedu"
unemployment_rate_high_20_64,DE,DE3,2025,6.0,lfst_r_lfu3rt
unemployment_rate_low_20_64,DE,DE4,2025,4.2973,"lfst_r_lfu3rt, lfst_r_lfp2acedu"
unemployment_rate_low_20_64,DE,DE6,2025,5.5176,"lfst_r_lfu3rt, lfst_r_lfp2acedu"
unemployment_rate_high_20_64,DE,DE6,2025,4.8,lfst_r_lfu3rt
unemployment_rate_low_20_64,DE,DE7,2025,3.6418,"lfst_r_lfu3rt, lfst_r_lfp2acedu"
unemployment_rate_high_20_64,DE,DE7,2025,2.7,lfst_r_lfu3rt
unemployment_rate_low_20_64,DE,DE9,2025,3.6691,"lfst_r_lfu3rt, lfst_r_lfp2acedu"
unemployment_rate_high_20_64,DE,DE9,2025,2.7,lfst_r_lfu3rt
unemployment_rate_low_20_64,DE,DEA,2025,4.7048,"lfst_r_lfu3rt, lfst_r_lfp2acedu"
unemployment_rate_high_20_64,DE,DEA,2025,3.0,lfst_r_lfu3rt
unemployment_rate_low_20_64,DE,DEB,2025,3.5697,"lfst_r_lfu3rt, lfst_r_lfp2acedu"
unemployment_rate_high_20_64,DE,DEB,2025,2.7,lfst_r_lfu3rt
unemployment_rate_low_20_64,DE,DED,2025,5.0885,"lfst_r_lfu3rt, lfst_r_lfp2acedu"
unemployment_rate_high_20_64,DE,DED,2025,3.5,lfst_r_lfu3rt
unemployment_rate_low_20_64,DE,DEF,2025,4.1145,"lfst_r_lfu3rt, lfst_r_lfp2acedu"
unemployment_rate_low_20_64,IT,ITC1,2025,6.7829,"lfst_r_lfu3rt, lfst_r_lfp2acedu"
unemployment_rate_high_20_64,IT,ITC1,2025,3.3,lfst_r_lfu3rt
unemployment_rate_low_20_64,IT,ITC2,2021,8.1299,"lfst_r_lfu3rt, lfst_r_lfp2acedu"
unemployment_rate_low_20_64,IT,ITC3,2025,5.4825,"lfst_r_lfu3rt, lfst_r_lfp2acedu"
unemployment_rate_high_20_64,IT,ITC3,2025,1.9,lfst_r_lfu3rt
unemployment_rate_low_20_64,IT,ITC4,2025,3.0835,"lfst_r_lfu3rt, lfst_r_lfp2acedu"
unemployment_rate_high_20_64,IT,ITC4,2025,2.2,lfst_r_lfu3rt
unemployment_rate_low_20_64,IT,ITH1,2025,1.7341,"lfst_r_lfu3rt, lfst_r_lfp2acedu"
unemployment_rate_low_20_64,IT,ITH2,2025,2.3735,"lfst_r_lfu3rt, lfst_r_lfp2acedu"
unemployment_rate_high_20_64,IT,ITH2,2023,3.2,lfst_r_lfu3rt
unemployment_rate_low_20_64,IT,ITH3,2025,3.9028,"lfst_r_lfu3rt, lfst_r_lfp2acedu"
unemployment_rate_high_20_64,IT,ITH3,2025,2.0,lfst_r_lfu3rt
unemployment_rate_low_20_64,IT,ITH4,2025,4.9882,"lfst_r_lfu3rt, lfst_r_lfp2acedu"
unemployment_rate_high_20_64,IT,ITH4,2025,3.8,lfst_r_lfu3rt
unemployment_rate_low_20_64,IT,ITH5,2025,4.4983,"lfst_r_lfu3rt, lfst_r_lfp2acedu"
unemployment_rate_high_20_64,IT,ITH5,2025,2.8,lfst_r_lfu3rt
unemployment_rate_low_20_64,IT,ITI1,2025,4.7615,"lfst_r_lfu3rt, lfst_r_lfp2acedu"
unemployment_rate_high_20_64,IT,ITI1,2025,2.8,lfst_r_lfu3rt
unemployment_rate_low_20_64,IT,ITI2,2025,4.8965,"lfst_r_lfu3rt, lfst_r_lfp2acedu"
unemployment_rate_high_20_64,IT,ITI2,2025,3.3,lfst_r_lfu3rt
unemployment_rate_low_20_64,IT,ITI3,2025,5.4761,"lfst_r_lfu3rt, lfst_r_lfp2acedu"
unemployment_rate_high_20_64,IT,ITI3,2025,4.3,lfst_r_lfu3rt
unemployment_rate_low_20_64,IT,ITI4,2025,6.7153,"lfst_r_lfu3rt, lfst_r_lfp2acedu"
unemployment_rate_high_20_64,IT,ITI4,2025,3.2,lfst_r_lfu3rt
unemployment_rate_low_20_64,IT,ITF1,2025,7.5331,"lfst_r_lfu3rt, lfst_r_lfp2acedu"
unemployment_rate_high_20_64,IT,ITF1,2025,3.4,lfst_r_lfu3rt
unemployment_rate_low_20_64,IT,ITF2,2025,7.1801,"lfst_r_lfu3rt, lfst_r_lfp2acedu"
unemployment_rate_high_20_64,IT,ITF2,2023,6.9,lfst_r_lfu3rt
unemployment_rate_low_20_64,IT,ITF3,2025,17.0728,"lfst_r_lfu3rt, lfst_r_lfp2acedu"
unemployment_rate_high_20_64,IT,ITF3,2025,4.3,lfst_r_lfu3rt
unemployment_rate_low_20_64,IT,ITF4,2025,11.3573,"lfst_r_lfu3rt, lfst_r_lfp2acedu"
unemployment_rate_high_20_64,IT,ITF4,2025,5.4,lfst_r_lfu3rt
unemployment_rate_low_20_64,IT,ITF5,2025,6.0877,"lfst_r_lfu3rt, lfst_r_lfp2acedu"
unemployment_rate_high_20_64,IT,ITF5,2025,3.4,lfst_r_lfu3rt
unemployment_rate_low_20_64,IT,ITF6,2025,11.1168,"lfst_r_lfu3rt, lfst_r_lfp2acedu"
unemployment_rate_high_20_64,IT,ITF6,2025,6.9,lfst_r_lfu3rt
unemployment_rate_low_20_64,IT,ITG1,2025,13.7174,"lfst_r_lfu3rt, lfst_r_lfp2acedu"
unemployment_rate_high_20_64,IT,ITG1,2025,6.9,lfst_r_lfu3rt
unemployment_rate_low_20_64,IT,ITG2,2025,11.1285,"lfst_r_lfu3rt, lfst_r_lfp2acedu"
unemployment_rate_high_20_64,IT,ITG2,2025,3.3,lfst_r_lfu3rt
arop_rate,FR,FR1,2025,15.7333,ilc_li41
arop_rate,FR,FRB,2025,11.3,ilc_li41
arop_rate,FR,FRC,2025,14.2,ilc_li41
arop_rate,FR,FRD,2025,13.1,ilc_li41
arop_rate,FR,FRE,2025,19.6333,ilc_li41
arop_rate,FR,FRF,2025,15.5333,ilc_li41
arop_rate,FR,FRG,2025,12.1333,ilc_li41
arop_rate,FR,FRH,2025,10.7333,ilc_li41
arop_rate,FR,FRI,2025,14.5333,ilc_li41
arop_rate,FR,FRJ,2025,18.7,ilc_li41
arop_rate,FR,FRK,2025,14.0333,ilc_li41
arop_rate,FR,FRL,2025,16.6,ilc_li41
arop_rate,FR,FRM,2025,20.3,ilc_li41
arop_rate,FR,FRY,2025,34.5,ilc_li41
arop_rate,DE,DE1,2025,12.7667,ilc_li41
arop_rate,DE,DE2,2025,11.9333,ilc_li41
arop_rate,DE,DE3,2025,16.3,ilc_li41
arop_rate,DE,DE4,2025,14.8,ilc_li41
arop_rate,DE,DE5,2025,24.9667,ilc_li41
arop_rate,DE,DE6,2025,16.6333,ilc_li41
arop_rate,DE,DE7,2025,16.1,ilc_li41
arop_rate,DE,DE8,2025,16.6333,ilc_li41
arop_rate,DE,DE9,2025,16.3667,ilc_li41
arop_rate,DE,DEA,2025,17.2333,ilc_li41
arop_rate,DE,DEB,2025,14.6,ilc_li41
arop_rate,DE,DEC,2025,15.0333,ilc_li41
arop_rate,DE,DED,2025,16.1,ilc_li41
arop_rate,DE,DEE,2025,22.1667,ilc_li41
arop_rate,DE,DEF,2025,14.6667,ilc_li41
arop_rate,DE,DEG,2025,16.3,ilc_li41
arop_rate,IT,ITC1,2025,12.3333,ilc_li41
arop_rate,IT,ITC2,2025,8.3333,ilc_li41
arop_rate,IT,ITC3,2025,13.4667,ilc_li41
arop_rate,IT,ITC4,2025,10.4333,ilc_li41
arop_rate,IT,ITH1,2025,4.8,ilc_li41
arop_rate,IT,ITH2,2025,7.7333,ilc_li41
arop_rate,IT,ITH3,2025,11.3,ilc_li41
arop_rate,IT,ITH4,2025,10.3,ilc_li41
arop_rate,IT,ITH5,2025,6.6,ilc_li41
arop_rate,IT,ITI1,2025,11.9333,ilc_li41
arop_rate,IT,ITI2,2025,11.4,ilc_li41
arop_rate,IT,ITI3,2025,10.9,ilc_li41
arop_rate,IT,ITI4,2025,20.4667,ilc_li41
arop_rate,IT,ITF1,2025,20.1333,ilc_li41
arop_rate,IT,ITF2,2025,21.0333,ilc_li41
arop_rate,IT,ITF3,2025,35.7333,ilc_li41
arop_rate,IT,ITF4,2025,27.6667,ilc_li41
arop_rate,IT,ITF5,2025,23.3333,ilc_li41
arop_rate,IT,ITF6,2025,36.8667,ilc_li41
arop_rate,IT,ITG1,2025,37.2333,ilc_li41
arop_rate,IT,ITG2,2025,26.9333,ilc_li41
formal_volunteering,DE,DE1,2019,46.1,Freiwilligensurvey 2019
formal_volunteering,DE,DEF,2019,42.6,Freiwilligensurvey 2019
formal_volunteering,DE,DEB,2019,41.8,Freiwilligensurvey 2019
formal_volunteering,DE,DE7,2019,41.4,Freiwilligensurvey 2019
formal_volunteering,DE,DE2,2019,41.0,Freiwilligensurvey 2019
formal_volunteering,DE,DE5,2019,40.9,Freiwilligensurvey 2019
formal_volunteering,DE,DEG,2019,40.8,Freiwilligensurvey 2019
formal_volunteering,DE,DE9,2019,39.4,Freiwilligensurvey 2019
formal_volunteering,DE,DEC,2019,39.0,Freiwilligensurvey 2019
formal_volunteering,DE,DE8,2019,37.8,Freiwilligensurvey 2019
formal_volunteering,DE,DEE,2019,37.6,Freiwilligensurvey 2019
formal_volunteering,DE,DE3,2019,36.9,Freiwilligensurvey 2019
formal_volunteering,DE,DEA,2019,36.3,Freiwilligensurvey 2019
formal_volunteering,DE,DE4,2019,36.0,Freiwilligensurvey 2019
formal_volunteering,DE,DE6,2019,35.6,Freiwilligensurvey 2019
formal_volunteering,DE,DED,2019,34.9,Freiwilligensurvey 2019
formal_volunteering,IT,ITC1,2025,9.6,ISTAT annual survey (AVQ) 2023-25
formal_volunteering,IT,ITC2,2025,10.83,ISTAT annual survey (AVQ) 2023-25
formal_volunteering,IT,ITC3,2025,8.67,ISTAT annual survey (AVQ) 2023-25
formal_volunteering,IT,ITC4,2025,10.33,ISTAT annual survey (AVQ) 2023-25
formal_volunteering,IT,ITH1,2025,14.7,ISTAT annual survey (AVQ) 2023-25
formal_volunteering,IT,ITH2,2025,20.1,ISTAT annual survey (AVQ) 2023-25
formal_volunteering,IT,ITH3,2025,11.4,ISTAT annual survey (AVQ) 2023-25
formal_volunteering,IT,ITH4,2025,10.97,ISTAT annual survey (AVQ) 2023-25
formal_volunteering,IT,ITH5,2025,10.5,ISTAT annual survey (AVQ) 2023-25
formal_volunteering,IT,ITI1,2025,9.0,ISTAT annual survey (AVQ) 2023-25
formal_volunteering,IT,ITI2,2025,9.03,ISTAT annual survey (AVQ) 2023-25
formal_volunteering,IT,ITI3,2025,8.33,ISTAT annual survey (AVQ) 2023-25
formal_volunteering,IT,ITI4,2025,6.87,ISTAT annual survey (AVQ) 2023-25
formal_volunteering,IT,ITF1,2025,7.23,ISTAT annual survey (AVQ) 2023-25
formal_volunteering,IT,ITF2,2025,6.5,ISTAT annual survey (AVQ) 2023-25
formal_volunteering,IT,ITF3,2025,4.87,ISTAT annual survey (AVQ) 2023-25
formal_volunteering,IT,ITF4,2025,6.27,ISTAT annual survey (AVQ) 2023-25
formal_volunteering,IT,ITF5,2025,8.5,ISTAT annual survey (AVQ) 2023-25
formal_volunteering,IT,ITF6,2025,5.77,ISTAT annual survey (AVQ) 2023-25
formal_volunteering,IT,ITG1,2025,5.0,ISTAT annual survey (AVQ) 2023-25
formal_volunteering,IT,ITG2,2025,7.8,ISTAT annual survey (AVQ) 2023-25
