code,config,policy,technology,kappa,sigma,multiplier,agency_gap,d_agency_gap,cond_gap,d_cond_gap,rate,rate_E,rate_U,A,A_cond,room,dread_cost_E,mpc,shock_loss,shock_loss_income,consumption_drop,hardship,hand_to_mouth_kvw,mean_effort_employed,median_income,mean_labour_income,d_rate,d_rate_E,d_rate_U,d_A,d_A_cond,d_room,d_dread_cost_E,d_mpc,d_shock_loss,d_shock_loss_income,d_consumption_drop,d_hardship,d_hand_to_mouth_kvw,d_mean_effort_employed,d_median_income,d_mean_labour_income
DE,GSA,subsidy,best,6.250000,1.060000,1.776710,0.610160,-0.000373,0.357723,-0.004173,0.231407,0.234583,0.123475,0.990254,0.682746,0.558118,0.015548,0.126679,0.010113,0.016576,0.311185,0.225987,0.050216,0.644268,0.550675,0.619215,-0.048734,-0.049358,-0.027506,0.000259,0.010635,0.071240,-0.002537,-0.014259,-0.000314,0.000512,-0.011708,-0.049134,-0.021495,0.035989,0.027721,0.029759
DE,GSA,subsidy,low multiplier,21.200000,2.200000,1.272337,0.610162,-0.000359,0.358315,-0.003485,0.272141,0.275788,0.148184,0.990279,0.683368,0.556057,0.015565,0.128112,0.010087,0.016531,0.310584,0.229930,0.051031,0.642583,0.549399,0.618007,-0.018632,-0.018865,-0.010721,0.000274,0.011063,0.069264,-0.002520,-0.014829,-0.000328,0.000482,-0.012093,-0.046712,-0.020739,0.034797,0.026437,0.028553
DE,GSA,subsidy,high multiplier,5.500000,0.680000,2.957067,0.610138,-0.000404,0.356637,-0.005227,0.168269,0.170655,0.087170,0.990231,0.682186,0.562333,0.015495,0.126015,0.010135,0.016641,0.311671,0.220250,0.048571,0.646906,0.553219,0.621587,-0.096875,-0.098153,-0.053450,0.000247,0.010292,0.074968,-0.002585,-0.013015,-0.000303,0.000559,-0.011449,-0.052940,-0.022892,0.037930,0.030085,0.031918
DE,GSA,empowerment,best,6.250000,1.060000,1.776710,0.307368,-0.303165,0.145539,-0.216357,0.341931,0.346486,0.187127,1.209357,0.828574,0.420712,0.019014,0.143188,0.010189,0.015175,0.319520,0.278047,0.074750,0.570593,0.607192,0.684811,0.061790,0.062545,0.036146,0.219363,0.156463,-0.066166,0.000929,0.002250,-0.000237,-0.000889,-0.003373,0.002926,0.003039,-0.037686,0.084238,0.095355
DE,GSA,empowerment,low multiplier,21.200000,2.200000,1.272337,0.307349,-0.303171,0.145144,-0.216657,0.312254,0.316387,0.171787,1.209360,0.828679,0.424397,0.018964,0.145662,0.010186,0.015204,0.319418,0.275585,0.073850,0.571982,0.609072,0.686883,0.021481,0.021734,0.012882,0.219356,0.156375,-0.062396,0.000880,0.002721,-0.000229,-0.000845,-0.003259,-0.001058,0.002080,-0.035804,0.086109,0.097429
DE,GSA,empowerment,high multiplier,5.500000,0.680000,2.957067,0.307401,-0.303142,0.146598,-0.215266,0.428275,0.434002,0.233623,1.209374,0.828801,0.412292,0.019124,0.140198,0.010177,0.015082,0.319369,0.286591,0.077884,0.566565,0.602348,0.679444,0.163130,0.165194,0.093003,0.219389,0.156908,-0.075072,0.001045,0.001169,-0.000262,-0.001000,-0.003751,0.013400,0.006420,-0.042411,0.079213,0.089775
DE,GSA,ui_up,best,6.250000,1.060000,1.776710,0.611661,0.001128,0.420963,0.059067,0.277960,0.281731,0.149779,0.991019,0.698857,0.325876,0.015974,0.157064,0.009453,0.013298,0.300430,0.466751,0.173258,0.609633,0.522744,0.590464,-0.002182,-0.002210,-0.001202,0.001024,0.026746,-0.161002,-0.002111,0.016126,-0.000973,-0.002765,-0.022463,0.191630,0.101546,0.001354,-0.000210,0.001007
DE,GSA,ui_up,low multiplier,21.200000,2.200000,1.272337,0.611630,0.001110,0.420014,0.058213,0.289987,0.293856,0.158468,0.991028,0.698931,0.326659,0.015973,0.159362,0.009441,0.013280,0.300256,0.467829,0.175759,0.609075,0.522696,0.590399,-0.000786,-0.000797,-0.000437,0.001023,0.026626,-0.160134,-0.002111,0.016420,-0.000974,-0.002769,-0.022422,0.191186,0.103989,0.001288,-0.000267,0.000945
DE,GSA,ui_up,high multiplier,5.500000,0.680000,2.957067,0.611686,0.001144,0.421627,0.059763,0.259850,0.263443,0.137732,0.991008,0.698712,0.325603,0.015969,0.154877,0.009468,0.013323,0.300649,0.464870,0.170354,0.610476,0.523058,0.590825,-0.005294,-0.005365,-0.002889,0.001024,0.026818,-0.161762,-0.002110,0.015848,-0.000971,-0.002759,-0.022470,0.191680,0.098890,0.001499,-0.000076,0.001156
DE,GSA,ui_down,best,6.250000,1.060000,1.776710,0.609921,-0.000612,0.341252,-0.020644,0.282687,0.286520,0.152387,0.989275,0.657383,0.717314,0.018436,0.127314,0.011129,0.018819,0.336454,0.108276,0.012948,0.606740,0.523435,0.588297,0.002546,0.002579,0.001405,-0.000720,-0.014727,0.230436,0.000351,-0.013623,0.000703,0.002756,0.013561,-0.166845,-0.058763,-0.001540,0.000481,-0.001160
DE,GSA,ui_down,low multiplier,21.200000,2.200000,1.272337,0.609920,-0.000600,0.341515,-0.020285,0.291690,0.295582,0.159415,0.989283,0.657575,0.716548,0.018439,0.129156,0.011120,0.018808,0.336276,0.109155,0.012868,0.606325,0.523509,0.588367,0.000917,0.000929,0.000510,-0.000721,-0.014729,0.229755,0.000355,-0.013785,0.000705,0.002759,0.013599,-0.167487,-0.058902,-0.001462,0.000546,-0.001087
DE,GSA,ui_down,high multiplier,5.500000,0.680000,2.957067,0.609920,-0.000623,0.340920,-0.020944,0.271387,0.275134,0.144034,0.989266,0.657180,0.718188,0.018429,0.125533,0.011138,0.018832,0.336636,0.107364,0.013017,0.607263,0.523458,0.588333,0.006243,0.006326,0.003414,-0.000718,-0.014714,0.230824,0.000349,-0.013496,0.000700,0.002750,0.013517,-0.165827,-0.058447,-0.001714,0.000323,-0.001336
DE,GS,subsidy,best,6.050000,1.060000,1.787164,0.003235,-0.000066,-0.056241,0.001616,0.229448,0.232472,0.126668,0.988572,0.638584,0.417830,0.000000,0.147214,0.011428,0.016551,0.361540,0.305832,0.059166,0.642248,0.558660,0.629854,-0.048260,-0.048895,-0.026667,0.000194,0.010334,0.080207,0.000000,-0.014762,-0.000194,0.000589,-0.010337,-0.073983,-0.014590,0.033472,0.027916,0.030356
DE,GS,subsidy,low multiplier,19.350000,2.200000,1.272152,0.003230,-0.000067,-0.055984,0.001813,0.261251,0.264689,0.144385,0.988596,0.639188,0.417285,0.000000,0.148966,0.011404,0.016517,0.360936,0.309341,0.060910,0.640913,0.557488,0.628740,-0.017647,-0.017880,-0.009757,0.000209,0.010671,0.078393,0.000000,-0.015423,-0.000209,0.000558,-0.010675,-0.070553,-0.013346,0.032193,0.026581,0.029075
DE,GS,subsidy,high multiplier,5.400000,0.680000,3.103885,0.003238,-0.000067,-0.056539,0.001395,0.169216,0.171450,0.093277,0.988546,0.638084,0.421254,0.000000,0.146392,0.011454,0.016614,0.362041,0.299174,0.056523,0.644787,0.561254,0.632280,-0.106448,-0.107851,-0.058775,0.000180,0.010116,0.084890,0.000000,-0.013098,-0.000180,0.000647,-0.010119,-0.080405,-0.016669,0.035915,0.030645,0.032917
DE,GS,ui_up,best,6.050000,1.060000,1.787164,0.003294,-0.000006,-0.036965,0.020892,0.275678,0.279311,0.152222,0.989455,0.651310,0.210137,0.000000,0.182090,0.010545,0.013166,0.348772,0.596428,0.301637,0.610065,0.530591,0.600497,-0.002029,-0.002056,-0.001113,0.001078,0.023059,-0.127486,0.000000,0.020114,-0.001078,-0.002796,-0.023105,0.216613,0.227882,0.001289,-0.000153,0.000999
DE,GS,ui_up,low multiplier,19.350000,2.200000,1.272152,0.003288,-0.000008,-0.037018,0.020779,0.278194,0.281856,0.153756,0.989465,0.651587,0.211669,0.000000,0.184959,0.010535,0.013162,0.348495,0.595420,0.304177,0.609948,0.530700,0.600606,-0.000704,-0.000714,-0.000386,0.001077,0.023070,-0.127222,0.000000,0.020570,-0.001077,-0.002797,-0.023116,0.215526,0.229920,0.001227,-0.000206,0.000940
DE,GS,ui_up,high multiplier,5.400000,0.680000,3.103885,0.003301,-0.000005,-0.036948,0.020986,0.270275,0.273840,0.149087,0.989443,0.650978,0.208668,0.000000,0.179157,0.010557,0.013174,0.349104,0.597130,0.298744,0.610317,0.530598,0.600518,-0.005390,-0.005461,-0.002965,0.001076,0.023010,-0.127695,0.000000,0.019668,-0.001076,-0.002793,-0.023056,0.217551,0.225551,0.001446,-0.000012,0.001155
DE,GS,ui_down,best,6.050000,1.060000,1.787164,0.003440,0.000139,-0.061406,-0.003549,0.280060,0.283751,0.154634,0.987609,0.616159,0.566092,0.000000,0.147977,0.012391,0.018750,0.383977,0.157238,0.015565,0.607344,0.531157,0.598379,0.002353,0.002384,0.001299,-0.000769,-0.012091,0.228469,0.000000,-0.013998,0.000769,0.002787,0.012099,-0.222577,-0.058190,-0.001432,0.000413,-0.001119
DE,GS,ui_down,low multiplier,19.350000,2.200000,1.272152,0.003438,0.000141,-0.061270,-0.003473,0.279719,0.283400,0.154595,0.987618,0.616350,0.566473,0.000000,0.150221,0.012382,0.018746,0.383786,0.158148,0.015491,0.607362,0.531380,0.598613,0.000821,0.000831,0.000453,-0.000770,-0.012167,0.227581,0.000000,-0.014168,0.000770,0.002788,0.012174,-0.221746,-0.058765,-0.001359,0.000473,-0.001052
DE,GS,ui_down,high multiplier,5.400000,0.680000,3.103885,0.003442,0.000137,-0.061554,-0.003620,0.281928,0.285647,0.155509,0.987599,0.615960,0.565585,0.000000,0.145625,0.012401,0.018752,0.384177,0.156389,0.015641,0.607255,0.530859,0.598062,0.006263,0.006346,0.003458,-0.000767,-0.012008,0.229221,0.000000,-0.013865,0.000767,0.002785,0.012016,-0.223190,-0.057552,-0.001616,0.000249,-0.001301
DE,GA,subsidy,no cohesion,10.000000,0.400000,1.000000,0.610102,-0.000359,0.351937,-0.003328,0.000045,0.000046,0.000022,0.990072,0.674999,0.532861,0.016086,0.135191,0.010300,0.016530,0.318827,0.248631,0.055077,0.642116,0.549690,0.618449,0.000019,0.000020,0.000012,0.000285,0.011479,0.068293,-0.002526,-0.015650,-0.000339,0.000451,-0.012519,-0.046005,-0.019541,0.033299,0.025363,0.027206
DE,GA,empowerment,no cohesion,10.000000,0.400000,1.000000,0.307371,-0.303090,0.141255,-0.214009,0.000051,0.000052,0.000026,1.209082,0.817900,0.408099,0.019442,0.153787,0.010417,0.015279,0.328200,0.289921,0.076177,0.574683,0.612195,0.690661,0.000025,0.000025,0.000015,0.219295,0.154380,-0.056469,0.000831,0.002946,-0.000222,-0.000799,-0.003146,-0.004715,0.001559,-0.034134,0.087868,0.099419
DE,GA,ui_up,no cohesion,10.000000,0.400000,1.000000,0.611575,0.001114,0.414497,0.059232,0.000023,0.000023,0.000009,0.990824,0.690521,0.308382,0.016384,0.168189,0.009652,0.013317,0.308628,0.489337,0.191819,0.610030,0.524031,0.592129,-0.000003,-0.000003,-0.000001,0.001036,0.027001,-0.156185,-0.002227,0.017348,-0.000987,-0.002762,-0.022717,0.194701,0.117201,0.001213,-0.000296,0.000887
DE,GA,ui_down,no cohesion,10.000000,0.400000,1.000000,0.609875,-0.000586,0.335177,-0.020088,0.000029,0.000030,0.000012,0.989056,0.648730,0.695031,0.019061,0.136085,0.011357,0.018831,0.345029,0.116600,0.013022,0.607443,0.524910,0.590228,0.000003,0.000003,0.000001,-0.000731,-0.014790,0.230463,0.000450,-0.014756,0.000717,0.002753,0.013684,-0.178035,-0.061596,-0.001374,0.000584,-0.001014
DE,G,subsidy,no cohesion,10.000000,0.400000,1.000000,0.003219,-0.000069,-0.055659,0.002156,0.000049,0.000050,0.000027,0.988637,0.640422,0.420062,0.000000,0.152540,0.011363,0.016498,0.359701,0.307314,0.061708,0.639197,0.556619,0.627523,0.000047,0.000048,0.000026,0.000233,0.011346,0.078404,0.000000,-0.015850,-0.000233,0.000530,-0.011351,-0.071509,-0.011517,0.030626,0.025461,0.027605
DE,G,ui_up,no cohesion,10.000000,0.400000,1.000000,0.003284,-0.000003,-0.036981,0.020834,0.000002,0.000002,0.000001,0.989472,0.651803,0.215395,0.000000,0.189354,0.010528,0.013175,0.348279,0.592876,0.305073,0.609740,0.530905,0.600810,-0.000000,-0.000000,-0.000000,0.001068,0.022727,-0.126262,0.000000,0.020964,-0.001068,-0.002793,-0.022773,0.214053,0.231849,0.001169,-0.000253,0.000892
DE,G,ui_down,no cohesion,10.000000,0.400000,1.000000,0.003435,0.000147,-0.060970,-0.003155,0.000003,0.000003,0.000001,0.987634,0.616808,0.569741,0.000000,0.153965,0.012366,0.018752,0.383328,0.157086,0.015243,0.607280,0.531681,0.598922,0.000000,0.000000,0.000000,-0.000771,-0.012269,0.228083,0.000000,-0.014426,0.000771,0.002784,0.012276,-0.221736,-0.057981,-0.001291,0.000523,-0.000996
