country,year,hh_footprint_kt_co2e,hh_consumption_meur,kg_co2e_per_eur,hh_consumption_eur_per_head,t_co2e_per_head
FR,2015,444767.3,1159070.0,0.38373,17417.0,6.683
FR,2016,452914.4,1178256.0,0.38439,17658.6,6.788
FR,2017,454308.6,1208982.0,0.37578,18066.6,6.789
FR,2018,450619.3,1243065.0,0.36251,18509.5,6.71
FR,2019,433817.7,1271780.0,0.34111,18874.2,6.438
FR,2020,387446.6,1191918.0,0.32506,17631.6,5.731
FR,2021,409524.7,1272360.0,0.32186,18735.9,6.03
FR,2022,407537.6,1377070.0,0.29595,20172.8,5.97
DE,2015,773473.6,1530457.0,0.50539,18735.7,9.469
DE,2016,775350.1,1577720.0,0.49144,19159.0,9.415
DE,2017,743805.5,1620634.0,0.45896,19606.7,8.999
DE,2018,739537.4,1668033.0,0.44336,20119.6,8.92
DE,2019,710434.3,1717075.0,0.41375,20664.5,8.55
DE,2020,650320.2,1639588.0,0.39664,19715.9,7.82
DE,2021,660850.4,1709722.0,0.38653,20550.5,7.943
DE,2022,667563.5,1876818.0,0.35569,22563.9,8.026
IT,2015,440697.0,1015428.2,0.434,16859.3,7.317
IT,2016,429974.6,1029343.2,0.41772,17122.8,7.153
IT,2017,431266.7,1056495.3,0.40821,17607.6,7.188
IT,2018,434493.6,1077803.3,0.40313,18000.2,7.256
IT,2019,417332.2,1087379.4,0.3838,18205.2,6.987
IT,2020,365441.7,965722.1,0.37841,16247.3,6.148
IT,2021,402357.6,1035958.5,0.38839,17519.1,6.804
IT,2022,414950.1,1179567.5,0.35178,19988.0,7.031
IT,2023,386444.1,1257106.0,0.30741,21312.6,6.552
