path,asset,release,sha256,bytes,unpack,source,licence
data/scf/scfp1989excel.zip,scfp1989excel.zip,data-2026.09,f0d20d61079b90ed68021dcad57cb365e4256a0121b1e11cedfce7416949dd44,1378407,unzip,https://www.federalreserve.gov/econres/scfindex.htm,"US federal government work, public domain"
data/scf/scfp1992excel.zip,scfp1992excel.zip,data-2026.09,78955b629849afede2727a1b7d7ce9098874da32c6a56b46cfb2b0889ad044a2,1902720,unzip,https://www.federalreserve.gov/econres/scfindex.htm,"US federal government work, public domain"
data/scf/scfp1995excel.zip,scfp1995excel.zip,data-2026.09,814b7063889d03bcfce0c95df8dc55e6a3956a783c74135956b3b93d948764a1,2445417,unzip,https://www.federalreserve.gov/econres/scfindex.htm,"US federal government work, public domain"
data/scf/scfp1998excel.zip,scfp1998excel.zip,data-2026.09,276d41e4b64bd696533a71731a65b2cde0b6d03449d25d91eeb338bcf37dde7d,2435381,unzip,https://www.federalreserve.gov/econres/scfindex.htm,"US federal government work, public domain"
data/scf/scfp2001excel.zip,scfp2001excel.zip,data-2026.09,f26e879a8e76ee3ef1a62b10c23f3b1fdd90435a7e30a25d222fa8634fbedc04,2830991,unzip,https://www.federalreserve.gov/econres/scfindex.htm,"US federal government work, public domain"
data/scf/scfp2004excel.zip,scfp2004excel.zip,data-2026.09,0ddd1d70a129f55477f14501ba231b1f49d8b8679f17eaf08261d9785b0b6a56,2902394,unzip,https://www.federalreserve.gov/econres/scfindex.htm,"US federal government work, public domain"
data/scf/scfp2007excel.zip,scfp2007excel.zip,data-2026.09,13830f9ac36d3d5dbb85a2858b941840af147fe3f3109605468662074294097d,2944322,unzip,https://www.federalreserve.gov/econres/scfindex.htm,"US federal government work, public domain"
data/scf/scfp2010excel.zip,scfp2010excel.zip,data-2026.09,99b492d81a5740cc51614fa51c8ec0be18792e838fc79dca49a660af3fef7d4a,4015740,unzip,https://www.federalreserve.gov/econres/scfindex.htm,"US federal government work, public domain"
data/scf/scfp2013excel.zip,scfp2013excel.zip,data-2026.09,4f71c632e31830a9c7f596970dbdccf96a1e3fa712733a196b9abdbf770f3b94,3601017,unzip,https://www.federalreserve.gov/econres/scfindex.htm,"US federal government work, public domain"
data/scf/scfp2016excel.zip,scfp2016excel.zip,data-2026.09,a58cbba0a653c278eaf5f4c3daf18cfb27dd978e3adb18fb48eef4ab60795eee,3924144,unzip,https://www.federalreserve.gov/econres/scfindex.htm,"US federal government work, public domain"
data/scf/scfp2019excel.zip,scfp2019excel.zip,data-2026.09,6d2dd1c6c212c69acfe0cfab40c0349e19cf10e03efecbac26c75b30946f2f00,3632855,unzip,https://www.federalreserve.gov/econres/scfindex.htm,"US federal government work, public domain"
data/scf/scfp2022excel.zip,scfp2022excel.zip,data-2026.09,9721aa73ef1df237d0c5a7ce2578ff9a45c8e5a2ef8efc4fab132c6885ace050,2231649,unzip,https://www.federalreserve.gov/econres/scfindex.htm,"US federal government work, public domain"
data/scf/bulletin.macro.txt,bulletin.macro.txt,data-2026.09,fb0a42af8b5913467e799668d01b6fb8b1b4c53fac6c98944c64618b6d94eb5e,163271,,https://www.federalreserve.gov/econres/scfindex.htm,"US federal government work, public domain"
data/place/raw/DS_BPE_CSV_FR.zip,DS_BPE_CSV_FR.zip,data-2026.09,d38b9eb3161f9801708884cc8dcd400c01b6115b48277e7c2156cfbe39d18e9a,14466358,unzip:bpe_all,https://www.insee.fr/fr/statistiques/8217527,"Licence Ouverte 2.0 (Etalab), INSEE"
data/place/raw/DS_BPE_SPORT_CULTURE_CSV_FR.zip,DS_BPE_SPORT_CULTURE_CSV_FR.zip,data-2026.09,2bdf9589c6890b7716bc1f9ffc424071f3faf1afcfb4939e19ca52526f187843,9453578,unzip:bpe_sport,https://www.insee.fr/fr/statistiques/8217527,"Licence Ouverte 2.0 (Etalab), INSEE"
data/place/raw/fichier_diffusion_2025.xlsx,fichier_diffusion_2025.xlsx,data-2026.09,951ae15ad9055235f3ec1d8bd7c9a2281d35f98a98e01bc2bc513f70eb1b3452,2409520,,https://www.insee.fr/fr/information/8571524,"Licence Ouverte 2.0 (Etalab), INSEE"
data/place/raw/rna_waldec_20260901.zip,rna_waldec_20260901.zip,data-2026.09,92f6fc1add39ca456005a316a6af9950db6334e7876f1bb858aeceff44b98763,408188361,,https://www.data.gouv.fr/datasets/repertoire-national-des-associations/,"Licence Ouverte 2.0 (Etalab), Ministere de l'Interieur"
data/place/raw/rna_import_20260901.zip,rna_import_20260901.zip,data-2026.09,f89356e393e50aad14081948540312455a8d414c8fcf6dd0bb423a0ae321f3e6,98234128,,https://www.data.gouv.fr/datasets/repertoire-national-des-associations/,"Licence Ouverte 2.0 (Etalab), Ministere de l'Interieur"
data/place/raw/laposte_hexasmal.csv,laposte_hexasmal.csv,data-2026.09,f921ac020ca3b9efebd8f0d01782555fb70d63d1ae36535109c67e4a74bd6e22,1555485,,https://www.data.gouv.fr/datasets/base-officielle-des-codes-postaux/,"Licence Ouverte 2.0 (Etalab), La Poste"
data/place/raw/istat_bes_local_2024.zip,istat_bes_local_2024.zip,data-2026.09,37cc6e016a723ff50a63d9f90d41fdaae8212b2e9003262416a99cc75dac9356,1486395,,https://www.istat.it/en/news/bes-at-local-level-2024-edition/,"Istat, reuse with attribution (CC BY)"
data/place/raw/istat_vol2023.pdf,istat_vol2023.pdf,data-2026.09,cee3c44f3227479396b54d66cb9cb9804529b3359dbb1e59de6d8c568b14f9e4,697346,,https://www.istat.it/wp-content/uploads/2025/07/REPORT_Il-volontariato-in-Italia_anno-2023.pdf,"Istat, reuse with attribution (CC BY)"
